10026,Wilson K Adinolfi,5,62506,MA,M 
10084,Karthikeyan Ait Sidi,3,104437,MA,M 
10196,Sarah Akinkuolie,5,64955,MA,F
10088,Trina Alagbe,5,64991,MA,F
10069,Carol Anderson,5,50825,MA,F
10002,Linda Anderson,5,57568,MA,F
10194,Colby Andreola,4,95660,MA,F
10062,Sam Athwal,5,59365,MA,M 
10114,Linda Bachiochi,5,47837,MA,F
10250,Alejandro Bacong,3,50178,MA,M 
10252,Rachael Baczenski,5,54670,MA,F
10242,Thomas Barbara,5,47211,MA,M 
10012,Hector Barbossa,3,92328,TX,M 
10265,Francesco A Barone,5,58709,MA,M 
10066,Nader Barton,5,52505,MA,M 
10061,Norman Bates,5,57834,MA,M 
10023,Kimberly Beak,5,70131,MA,F
10055,Courtney Beatrice,5,59026,MA,F
10245,Renee Becker,3,110000,MA,F
10277,Scott Becker,5,53250,MA,M 
10046,Sean Bernstein,5,51044,MA,M 
10226,Lowan M Biden,5,64919,MA,F
10003,Helen Billis,5,62910,MA,F
10294,Dianna Blount,5,66441,MA,F
10267,Betsy Bondwell,5,57815,MA,F
10199,Frank Booth,3,103613,CT,M 
10081,Bonalyn Boutwell,1,106367,MA,F
10175,Charles Bozzi,5,74312,MA,M 
10177,Donna Brill,5,53492,MA,F
10238,Mia Brown,1,63000,MA,F
10184,Joseph Buccheri,5,65288,MA,M 
10203,Josephine Bugali,5,64375,MA,F
10188,Jessica Bunbury,6,74326,VA,F
10107,Joelle Burke,5,63763,MA,F
10181,Benjamin Burkett,5,62162,MA,M 
10150,Max Cady,4,77692,MA,M 
10001,Calvin Candie,5,72640,MA,M 
10085,Judith Carabbio,4,93396,MA,F
10115,Michael Carey,5,52846,MA,M 
10082,Claudia N Carr,3,100031,MA,F
10040,Michelle Carter,6,71860,VT,F
10067,Beatrice Chace,5,61656,MA,F
10108,Brian Champaigne,3,110929,MA,M 
10210,Lin Chan,5,54237,MA,F
10154,Donovan E Chang,5,60380,MA,M 
10200,Anton Chigurh,6,66808,TX,M 
10240,Enola Chivukula,5,64786,MA,F
10168,Caroline Cierpiszewski,5,64816,MA,F
10220,Rick Clayton,3,68678,MA,M 
10275,Jennifer Cloninger,5,64066,MA,F
10269,Phil Close,5,59369,MA,M 
10029,Elijian Clukey,5,50373,MA,M 
10261,James Cockel,5,63108,MA,M 
10292,Spencer Cole,5,59144,MA,M 
10282,Michael Corleone,5,68051,MA,M 
10019,Vito Corleone,5,170500,MA,M 
10094,Lisa Cornett,5,63381,MA,F
10193,Frank Costello,3,83552,MA,M 
10132,Jean Crimmings,5,56149,MA,F
10083,Noah Cross,3,92329,CT,M 
10099,Lynn Daneault,6,65729,VT,F
10212,Ann Daniele,3,85028,CT,F
10056,Jene'ya Darson,5,57583,MA,F
10143,Daniel Davis,5,56294,MA,M 
10311,Randy Dee,6,56991,MA,M 
10070,James DeGweck,5,55722,MA,M 
10155,Keyla Del Bosque,4,101199,MA,F
10306,Alex Delarge,6,61568,AL,M 
10100,Carla Demita,5,58275,MA,F
10310,Carl Desimone,5,53189,MA,M 
10197,Tommy DeVito,3,96820,MA,M 
10276,Geoff Dickinson,5,51259,MA,M 
10304,Jenna Dietrich,6,59231,WA,F
10284,Lily DiNocco,5,61584,MA,F
10207,Denisa S Dobrin,5,46335,MA,F
10133,Linda Dolan,3,70621,MA,F
10028,Eric Dougall,3,138888,MA,M 
10006,Elle Driver,6,74241,CA,F
10105,Amy Dunn,5,75188,MA,F
10211,Amy Dunne,5,62514,MA,F
10064,Marianne Eaton,5,60070,MA,F
10247,Jean Engdahl,5,48888,MA,M 
10235,Rex England,5,54285,MA,M 
10299,Angela Erilus,5,56847,MA,F
10280,Miguel Estremera,5,60340,MA,M 
10296,April Evensen,5,59124,MA,F
10290,Susan Exantus,4,99280,MA,F
10263,Megan Faller,5,71776,MA,F
10136,Nicole Fancett,5,65902,MA,F
10189,Susan Ferguson,5,57748,MA,F
10308,Nilson Fernandes,5,64057,MA,M 
10309,Boba Fett,3,53366,MA,M 
10049,Libby Fidelia,5,58530,MA,F
10093,Michael J Fitzpatrick,5,72609,MA,M 
10163,Tanya Foreman,5,55965,MA,F
10305,Alex Forrest,6,70187,MA,M 
10015,Jason Foss,3,178000,MA,M 
10080,Amy Foster-Baker,1,99351,MA,F
10258,Maruk Fraval,6,67251,CT,M 
10273,Lisa Galia,3,65707,CT,F
10111,Raul Garcia,5,52249,MA,M 
10257,Barbara Gaul,5,53171,MA,F
10159,Mildred Gentry,5,51337,MA,F
10122,Melisa Gerke,5,51505,MA,F
10142,Whitney Gill,6,59370,OH,F
10283,Alex Gilles,5,54933,MA,M 
10018,Evelyn Girifalco,5,57815,MA,F
10255,Myriam Givens,6,61555,IN,F
10246,Taisha Goble,3,114800,MA,F
10228,Amon Goeth,3,74679,MA,M 
10243,Shenice Gold,5,53018,MA,F
10031,Cayo Gonzalez,5,59892,MA,M 
10300,Juan Gonzalez,5,68898,MA,M 
10101,Maria Gonzalez,3,61242,MA,F
10237,Susan Good,5,66825,MA,F
10051,David Gordon,5,48285,MA,M 
10218,Phylicia Gosciminski,5,66149,MA,F
10256,Roxana Goyal,5,49256,MA,F
10098,Elijiah Gray,5,62957,MA,M 
10059,Paula Gross,5,63813,MA,F
10234,Hans Gruber,3,99020,MA,M 
10109,Mike Guilianno,6,71707,TN,M 
10125,Joanne Handschiegl,5,54828,MA,F
10074,Earnest Hankard,5,64246,MA,M 
10097,Christie Harrington,5,52177,MA,F
10007,Kara Harrison,5,62065,MA,F
10129,Anthony Heitzman,5,46998,MA,M 
10075,Trina Hendrickson,5,68099,MA,F
10167,Alfred Hitchcock,6,70545,NH,M 
10195,Adrienne J Homberger,5,63478,MA,F
10112,Jayne Horton,3,97999,MA,F
10272,Debra Houlihan,6,180000,RI,F
10182,Estelle Howard,1,49920,MA,F
10248,Jane Hudson,5,55425,MA,F
10201,Julissa Hunts,5,69340,MA,F
10214,Rosalie Hutter,5,64995,MA,F
10160,Ming Huynh,5,68182,MA,F
10289,Walter Immediato,5,83082,MA,M 
10139,Rose Ivey,5,51908,MA,F
10227,Maryellen Jackson,5,61242,MA,F
10236,Hannah Jacobi,5,45069,MA,F
10009,Tayana Jeannite,5,60724,MA,F
10060,Sneha Jhaveri,5,60436,MA,F
10034,George Johnson,5,46837,MA,M 
10156,Noelle Johnson,3,105700,MA,F
10036,Yen Johnston,5,63322,MA,F
10138,Judy Jung,5,61154,MA,F
10244,Donysha Kampew,6,68999,PA,F
10192,Kramer Keatts,5,50482,MA,M 
10231,Bartholemew Khemmich,6,65310,CO,M 
10089,Janet King,2,250000,MA,F
10166,Kathleen Kinsella,5,54005,MA,F
10170,Alexandra Kirill,5,45433,MA,F
10208,Bradley J Knapp,5,46654,MA,M 
10176,John Kretschmer,5,63973,MA,M 
10165,Freddy Kreuger,6,71339,NY,M 
10113,Jyoti Lajiri,3,93206,MA,M 
10092,Hans Landa,5,82758,MA,M 
10106,Lindsey Langford,5,66074,MA,F
10052,Enrico Langton,5,46120,MA,M 
10038,William LaRotonda,1,64520,MA,M 
10249,Mohammed Latif,5,61962,MA,M 
10232,Binh Le,3,81584,MA,F
10087,Dallas Leach,5,63676,MA,F
10134,Brandon R LeBlanc,1,93046,MA,M 
10251,Hannibal Lecter,5,64738,MA,M 
10103,Giovanni Leruth,6,70468,UT,M 
10017,Ketsia Liebig,5,77915,MA,F
10186,Marilyn Linares,5,52624,MA,F
10137,Mathew Linden,5,63450,MA,M 
10008,Leonara Lindsay,3,51777,CT,F
10096,Susan Lundy,5,67237,MA,F
10035,Lisa Lunquist,5,73330,MA,F
10057,Allison Lydon,5,52057,MA,F
10004,Lindsay Lynch,5,47434,MA,F
10191,Samuel MacLennan,5,52788,MA,M 
10219,Lauren Mahoney,5,45395,MA,F
10077,Robyn Manchester,5,62385,MA,F
10073,Karen Mancuso,5,68407,MA,F
10279,Debbie Mangal,5,61349,MA,F
10110,Sandra Martin,4,105688,MA,F
10053,Shana Maurice,5,54132,MA,F
10076,B'rigit Carthy,5,55315,MA,F
10145,Sandy Mckenna,5,62810,MA,F
10202,Jac McKinzie,6,63291,TX,M 
10128,Elizabeth Meads,5,62659,MA,F
10068,Jennifer Medeiros,5,55688,MA,F
10116,Brannon Miller,5,83667,MA,M 
10298,Ned Miller,5,55800,MA,M 
10213,Erasumus Monkfish,5,58207,MA,M 
10288,Peter Monroe,3,157000,MA,M 
10025,Luisa Monterro,5,72460,MA,F
10223,Patrick Moran,5,72106,MA,M 
10151,Tanya Morway,3,52599,MA,F
10254,Dawn Motlagh,5,63430,MA,F
10120,Maliki Moumanil,5,74417,MA,M 
10216,Michael Myers,5,57575,MA,M 
10079,Kurt Navathe,3,87921,MA,M 
10215,Colombui Ndzi,5,50470,MA,M 
10185,Horia Ndzi,5,46664,MA,M 
10063,Richard Newman,5,48495,MA,M 
10037,Shari Ngodup,5,52984,MA,F
10042,Dheepa Nguyen,6,63695,GA,F
10206,Lei-Ming Nguyen,5,62061,MA,F
10104,Kristie Nowlan,5,66738,MA,F
10303,Lynn O'hare,5,52674,MA,F
10078,Brooke Oliver,5,71966,MA,F
10121,Jasmine Onque,6,63051,FL,F
10021,Adeel Osturnka,5,47414,MA,M 
10281,Clinton Owad,5,53060,MA,M 
10041,Travis Ozark,6,68829,NC,M 
10148,Nina Panjwani,5,63515,MA,F
10005,Lucas Patronick,4,108987,MA,M 
10259,Randall Pearson,3,93093,MA,M 
10286,Martin Smith,5,53564,MA,M 
10297,Ermine Pelletier,5,60270,MA,F
10171,Shakira Perry,5,45998,MA,F
10032,Lauren Peters,5,57954,MA,F
10130,Ebonee Peterson,5,74669,MA,F
10217,Shana Petingill,5,74226,MA,F
10016,Thelma Petrowsky,3,93554,MA,F
10050,Hong Pham,5,64724,MA,M 
10164,Brad Pitt,5,47001,MA,M 
10124,Xana Potts,6,61844,KY,F
10187,Morissa Power,5,46799,MA,F
10225,Louis Punjabhi,5,59472,MA,M 
10262,Janine Purinton,5,46430,MA,F
10131,Sean Quinn,1,83363,MA,M 
10239,Maggie Rachael,3,95920,MA,F
10152,Quinn Rarrick,5,61729,MA,M 
10140,Kylo Ren,6,61809,ID,M 
10058,Thomas Rhoads,5,45115,MA,M 
10011,Haley Rivera,5,46738,MA,F
10230,May Roberson,5,64971,MA,F
10224,Peter Robertson,5,55578,MA,M 
10047,Alain Robinson,5,50428,MA,M 
10285,Cherly Robinson,5,61422,MA,F
10020,Elias Robinson,5,63353,MA,M 
10162,Lori Roby,3,89883,MA,F
10149,Bianca Roehrich,3,120000,MA,F
10086,Katie Roper,3,150290,MA,F
10054,Ashley Rose,5,60627,MA,F
10065,Bruno Rossetti,5,53180,MA,M 
10198,Simon Roup,3,140920,MA,M 
10222,Ricardo Ruiz,3,148999,MA,M 
10126,Adell Saada,4,86214,MA,F
10295,Melinda Saar-Beckles,5,47750,MA,F
10260,Nore Sadki,5,46428,MA,M 
10233,Adil Sahoo,5,57975,MA,M 
10229,Jason Salter,3,88527,MA,M 
10169,Kamrin Sander,5,56147,MA,F
10071,Nori Sewkumar,5,50923,MA,F
10179,Anita Shepard,3,50750,MA,F
10091,Seffi Shields,5,52087,MA,F
10178,Kramer Simard,3,87826,MA,M 
10039,Nan Singh,1,51920,MA,F
10095,Constance Sloan,5,63878,MA,F
10027,Joe Smith,5,60656,MA,M 
10291,John Smith,6,72992,MA,M 
10153,Leigh Ann Smith,1,55000,MA,F
10157,Sade Smith,5,58939,MA,F
10119,Julia Soto,3,66593,MA,F
10180,Keyser Soze,3,87565,MA,M 
10302,Taylor Sparks,5,64021,MA,F
10090,Kelley Spirea,5,65714,MA,F
10030,Kristen Squatrito,5,62425,MA,F
10278,Barbara M Stanford,5,47961,MA,F
10307,Norman Stansfield,6,58273,NV,M 
10147,Tyrone Steans,1,63003,MA,M 
10266,Rick Stoica,5,61355,MA,M 
10241,Caitrin Strong,6,60120,MT,F
10158,Kissy Sullivan,5,63682,MA,F
10117,Timothy Sullivan,5,63025,MA,M 
10209,Barbara Sutwell,5,59238,MA,F
10024,Andrew Szabo,4,92989,MA,M 
10173,Biff Tannen,3,90100,MA,M 
10221,Desiree Tavares,5,60754,MA,F
10146,Lenora Tejeda,5,72202,MA,F
10161,Sharlene Terry,6,58370,OR,F
10141,Sophia Theamstern,5,48413,MA,F
10268,Kenneth Thibaud,5,67176,MA,M 
10123,Jeanette Tippett,5,56339,MA,F
10013,Jack Torrence,6,64397,ND,M 
10287,Mei Trang,5,63025,MA,F
10044,Neville Tredinnick,3,75281,MA,M 
10102,Edward TRUE,4,100416,MA,M 
10270,Cybil Trzeciak,5,74813,MA,F
10045,Jumil Turpin,3,76029,MA,M 
10205,Jackie Valentin,6,57859,AZ,F
10014,Abdellah Veera,5,58523,MA,M 
10144,Vincent Vega,5,88976,MA,M 
10253,Noah Villanueva,6,55875,ME,M 
10118,Lord Voldemort,3,113999,MA,M 
10022,Colleen Volk,5,49773,MA,F
10183,Anna Von Massenbach,5,62068,MA,F
10190,Roger Walker,5,66541,MA,M 
10274,Courtney E Wallace,5,80512,MA,F
10293,Theresa Wallace,5,50274,MA,F
10172,Charlie Wang,3,84903,MA,M 
10127,Sarah Warfield,3,107226,MA,F
10072,Scott Whittier,5,58371,MA,M 
10048,Barry Wilber,5,55140,MA,M 
10204,Annie Wilkes,5,58062,MA,F
10264,Jacquelyn Williams,5,59728,MA,F
10033,Jordan Winthrop,5,70507,MA,M 
10174,Hang T Wolk,5,60446,MA,F
10135,Jason Woodson,5,65893,MA,M 
10301,Catherine Ybarra,5,48513,MA,F
10010,Jennifer Zamora,3,220450,MA,F
10043,Julia Zhou,3,89292,MA,F
10271,Colleen Zima,5,45046,MA,F
